"","AGO","BDI","BEN","BFA","BWA","CAF","CIV","CMR","COD","COG","ERI","ETH","GAB","GHA","GIN","GMB","GNB","GNQ","KEN","LBR","MLI","MOZ","MRT","MWI","NAM","NER","NGA","RWA","SEN","SLE","SOM","SSD","SWZ","TCD","TGO","TZA","UGA","ZAF","ZMB","ZWE"
"AGO",0,0.00217179066427541,0.00387571213701324,0.00371066589042742,0.000653394891552866,0.00115010461232385,0.00704824155630305,0.00616795105129068,0.373080042764747,0.0113115714970721,0.00723830329173625,0.0112035211387218,0.00102393973525514,0.00470522140115677,0.0176588745685387,0.00135631875992838,0.00482560719157451,0.000819841058521163,0.00862310645555991,0.00194238619687509,0.00859512431574457,0.39174648920898,0.0052978054142295,0.0101024416038338,0.0186079053092709,0.00289090619564788,0.0235263633603285,0.00246076589811806,0.0055334154042488,0.00216482860430302,0.00491433754057739,0.00143444961724797,0.000351142741788794,0.00199459228590016,0.00244551109768879,0.00929788436216481,0.00849685091573528,0.0215119060099975,0.00561995738313292,0.00444072786818796
"BDI",0.00154840669439532,0,0.00301519431372577,0.00221806123781732,0.000124880944606331,0.0036114678965366,0.00340958359463028,0.0034135057189848,0.225394441590677,0.000934868100581908,4.12885269763432e-05,0.00902255082171039,0.000208371102424606,0.00212612247489107,0.000926004989542941,0.000121437979459121,5.9610534720017e-05,8.79278743531755e-05,0.0755916073474457,0.0015833408345363,0.00253488904090896,0.0124115351090871,0.000177783805295986,0.0207362938725398,0.000394161034063074,0.00795413547195029,0.016155511283598,0.250378048932538,0.00107232323895139,0.000770368342458432,0.0038769225980479,0.00876258782144121,9.36315623642108e-05,0.00170761908091554,0.00130844682664807,0.179181344086293,0.0977868860387032,0.0163891070379301,0.0435526281180899,0.00131710412016045
"BEN",0.00449527901155029,0.00490516212980516,0,0.0626207307815754,0.00014721595146491,0.00932958062447832,0.0833282281499111,0.0312551742133523,0.24544386608481,0.0104467112836129,4.44498770432411e-05,0.00619917116495667,0.00829815371906807,0.0169588867201894,0.0106280600871855,0.00128279204992514,0.000453071017353645,0.00364355893841219,0.00823423860054879,0.00780553884640265,0.0358567021574943,0.00468114965712469,0.00106742527486143,0.00346585653312484,0.000212149812641059,0.146067737434937,0.123384023654677,0.00295215499293363,0.0135651648487279,0.00176934518018177,0.000553322092223675,0.00247143097251811,5.58174113110956e-05,0.0114304473543257,0.114475429122974,0.010204968751291,0.00542860172993121,0.00273081915066488,0.00324628719518457,0.000861297421226011
"BFA",0.00378491692284499,0.00317329869570699,0.055070306197225,0,0.000202759038097943,0.00632395300924322,0.281708144850498,0.0170846067913352,0.0543914941584557,0.00457072501371987,4.53665249855871e-05,0.00447286634092746,0.00699632305285534,0.0343267310132118,0.0481663188488613,0.000666238354486301,0.000459831804607614,0.00785484303474467,0.0195569641708707,0.00451118063351308,0.216852432558635,0.00335780518816583,0.00128380577136856,0.00235234803291313,0.000270607230331341,0.0597139580277727,0.0410298708034662,0.00289941777905108,0.0352115633087256,0.00242797915518826,0.000567700515280725,0.00115804808920132,7.61312746651029e-05,0.0113822920075316,0.0384732052613995,0.0144432713880694,0.00825846193510631,0.00278785157122637,0.00301813858055842,0.00106824306515347
"BWA",0.0111828553517322,0.00299782356711663,0.0021723345189419,0.00340214403082052,0,0.00240848425631279,0.00669901276812544,0.00659570910405119,0.0252824235891395,0.00125062016218347,0.000163169330799855,0.0160932819147276,0.000392948091597126,0.0155313961971849,0.00216027496487333,0.000691603225103156,0.00271904146719485,0.000455456731849713,0.0192085005529308,0.0108734154769357,0.00467987870455266,0.0199632576696111,0.000410474079341455,0.036392374862712,0.0155553021173662,0.0050275683170935,0.135146119998148,0.00413140508592998,0.0044485582238592,0.00865575489419625,0.00173705853916006,0.00279942140069829,0.0135934289035528,0.0012884792243648,0.00397100414866279,0.0197454998356869,0.0203174342745708,0.242756695136,0.0368162302877351,0.292283558995138
"CAF",0.00274260776541364,0.0120793352955069,0.0191815341245499,0.0147846310476936,0.000335577778928425,0,0.018346783521273,0.268147044853675,0.112434592928136,0.0392538018902246,0.000393742742427376,0.0131416176192304,0.00595535393029453,0.00803975539909995,0.00358309232703398,0.000370906400752322,0.00028281450676298,0.00465194976704798,0.0221394353341098,0.00147024247467675,0.0141529691485408,0.001742176944468,0.00207750237299225,0.000987595739587123,0.000208508773813122,0.0253835787722485,0.0546753346454931,0.0270351205228921,0.0283716614234397,0.00146089863387309,0.00131182294894979,0.00435462472781354,4.59841703193615e-05,0.246378855130295,0.0216981806110813,0.00684615887441137,0.00954787263867654,0.00209774246986197,0.00353908173951713,0.000749510004888321
"CIV",0.00619904208036041,0.00420608523317738,0.0631874475473974,0.242906261008205,0.000344252923844376,0.00676670720707083,0,0.0278840344785999,0.0888477001786953,0.0107883349483343,5.57089606000129e-05,0.00504914525028631,0.00550868550082192,0.0237027182618946,0.0578107546377018,0.00243677939420755,0.00145347605851098,0.00415546498495358,0.0237733221571401,0.0114962383943853,0.145782118619601,0.00510600596756809,0.00620467605360785,0.00276181831834475,0.000461824615687717,0.061649182188825,0.0662674259738598,0.00410053726397362,0.0303674664430368,0.00655114615780839,0.000590856229311132,0.00135637039961043,0.000126395265384015,0.00638908019561965,0.0347644879701915,0.0186332029669042,0.0106109608706612,0.004689667952801,0.0052779624286817,0.00173665491233447
"CMR",0.00622854210272968,0.00483480588882993,0.0272121132891522,0.0169139862995877,0.000389161623585421,0.113551308955668,0.0320152791072343,0,0.186150616879196,0.0171285002116408,6.2119141321336e-05,0.0131585826862448,0.0156827436434062,0.0118629024992794,0.00732380346155071,0.000694881615671696,0.000306261204496168,0.0168610513280724,0.0231651337797811,0.00513139066800235,0.0181091779451238,0.00477351532554585,0.00105365688565898,0.00283024262040018,0.000422779334778824,0.0538504161254792,0.17953478453013,0.00457463708437225,0.00939190684575411,0.00300818824222264,0.00112587114249928,0.00157203302065869,0.000148190725936747,0.167454686691744,0.0129197468001255,0.0147302566542614,0.0103582909289046,0.00724204563992585,0.00626920049448473,0.00195718857654178
"COD",0.129165597495877,0.109451309722303,0.073264211998926,0.0184616846910859,0.000511430436049083,0.0163236936254851,0.0349741545834388,0.0638210335608874,0,0.066681595691091,0.000133329923700035,0.0125809971748903,0.00586617375283355,0.00808523026572606,0.00613474381326789,0.000554348817754744,0.000302570484283953,0.00108647516690686,0.0285414126141296,0.00712545713558769,0.0185770007134776,0.00950750660178253,0.000832659080316404,0.0137844686891606,0.00182971460430646,0.0130856954970692,0.0508509100295179,0.0468167788895512,0.00819574283309354,0.00212833257415904,0.00304600737883198,0.00568188987109316,0.000251651934060305,0.00909638414984527,0.0139296295472448,0.0541496505706097,0.118827207071501,0.0217834408653101,0.0201435682328145,0.00441630991203029
"COG",0.0306281670402002,0.00355043302713935,0.0243877938207788,0.0121332922002822,0.000197854765630741,0.0445711081817462,0.0332130438623148,0.0459274056334797,0.521505876611044,0,6.42216848829008e-05,0.00416163548805937,0.0473167780688498,0.00543191620533488,0.0114013989140143,0.000937353668209568,0.00059520497981204,0.00215535058704406,0.00738313846210148,0.0015049993325332,0.0620500326533624,0.00362833929065718,0.00678029041216241,0.00138466997611807,0.00251762883546305,0.0115189628622563,0.0263568760269509,0.00392400335979765,0.0320045744213028,0.0016888747362999,0.000473956038109371,0.000604168639195795,9.07216348092304e-05,0.0152539593984938,0.0111728964497231,0.0068018748577638,0.00654635101121299,0.00621542102880755,0.00287161749635042,0.00104780833770546
"ERI",0.015101892488131,0.000120825029100104,7.99576501036066e-05,9.2795221453968e-05,1.98909789288016e-05,0.000344493318632351,0.00013215264156601,0.000128343700045617,0.0008034842884145,4.94855305511714e-05,0,0.653702836914479,1.11242107746424e-05,0.000472997512553537,0.000253802120500923,0.000121680713998541,5.15196676859857e-06,6.71477264586239e-05,0.00821447405396321,5.15981768221071e-05,0.000145344555906254,0.000162213186820419,3.4546576258248e-05,0.000221241918967269,5.93796927869083e-05,0.000265692592191699,0.00195897490416565,0.00287542945792837,0.000102625652890398,0.000191935117118647,0.0111036856658232,0.0385464122220449,1.31239019665817e-05,0.000845346273990137,4.20447076878547e-05,0.00102529511952297,0.259114347788907,0.00193105967571998,0.00138735875525845,0.00019980799079813
"ETH",0.00360614994025451,0.00407334786973005,0.00172035363963982,0.00141146678864727,0.000302661296978804,0.00177382884382726,0.00184783548156504,0.00419423606475088,0.0116965954124502,0.000494715159478489,0.100849793767337,0,0.000262559940594375,0.00442495708962717,0.000820609545475848,0.000421852900791846,0.000150385100828618,0.00224460047375599,0.199082195026605,0.00158635832976984,0.00192712130791041,0.00429798837373007,0.00155467978002711,0.0310000199756348,0.00039678327979582,0.00485203791930962,0.0277334135201028,0.00790504320047304,0.00141611157672429,0.00138109203541905,0.248157972734113,0.090642862546848,0.000223359896613205,0.0395796865478544,0.00141799762569777,0.0317771107597397,0.105767047912745,0.0530131209211558,0.00400646384977167,0.00198558356422696
"GAB",0.00771433512666988,0.00220188440735874,0.0539014490962553,0.0516760679123676,0.00017297459248996,0.0188150477869005,0.0471876423144295,0.117003987379202,0.127653929485202,0.131656167141112,4.01697118381929e-05,0.00614558638928179,0,0.0119740026462105,0.0218988950303184,0.00160333656007703,0.000888831997060666,0.0191570391475467,0.00567128555527738,0.00200404429918019,0.0946232049942804,0.00275546741582991,0.00709422605849794,0.000879131423243757,0.000386953716589861,0.0306794898214824,0.0444233423203752,0.0150715985420791,0.0778951648763073,0.00179929548530132,0.000416535253916603,0.000449849135407191,6.85832430565935e-05,0.0269439112545712,0.051007759633829,0.00589696019342301,0.00478648808803512,0.00468267482175059,0.00207377378290074,0.000698913360344695
"GHA",0.00714614922844285,0.00452911363646941,0.0222067097914539,0.051111657503048,0.00137824219931419,0.00512045433233518,0.0409304356391548,0.0178417517525002,0.0354682344881553,0.00304682153838349,0.00034431526439495,0.0208791030856261,0.00241383323288042,0,0.0101790230098556,0.00329581985950701,0.000724861649609781,0.00305129932724886,0.0466455498356163,0.0234974584275535,0.0245643814118624,0.00974989996139665,0.00107091566873949,0.0145644890582805,0.00288194082023682,0.0511117396927399,0.335803349379462,0.00782714079141739,0.00759802127221779,0.0181693481652144,0.00370663648926009,0.00532209118575926,0.000567175651952357,0.0067061100822201,0.0924857216381193,0.035314309919316,0.0371844658225879,0.0239051943800496,0.0144060566552445,0.0072501781523739
"GIN",0.0274068841155698,0.00201577887760719,0.014221503195419,0.0732884604495843,0.000195897413407339,0.00233199859514729,0.102014399041676,0.0112560972589735,0.0275009840153658,0.0065351674617046,0.000188797956949351,0.00395679876777065,0.00451122760006575,0.0104018532024272,0,0.0360417262227699,0.0263077420219775,0.00341551664626149,0.00789654629995064,0.0530412202172403,0.147062520462991,0.00918503412966239,0.00723568903982897,0.00160090422214986,0.000293737258305811,0.0183102541557594,0.0285531499509412,0.00191284394613699,0.214004041359163,0.119867673393496,0.000566005772157476,0.000784322352185285,6.62701017586738e-05,0.00535383318888162,0.00961890708968438,0.00790347276525381,0.00564994396414975,0.0024802368000036,0.00607328630973109,0.000949274377892794
"GMB",0.0109432071743573,0.00137426443304318,0.00892347420713025,0.00526996807237593,0.00032603399805735,0.00125493382237058,0.0223540007601986,0.00555198377606915,0.012918769181361,0.00279311150508287,0.000470554579381323,0.0105743735918233,0.0017170519823756,0.0175087161282243,0.18736643526351,0,0.032833335734059,0.00119935409392044,0.00928775533189216,0.0209061836844144,0.0363438131514764,0.00354456425332659,0.0216611706912851,0.00174361091655185,0.000928099734817139,0.00943540996123414,0.124306997099581,0.00234007456757644,0.234320561566008,0.169487036104911,0.00181608851654256,0.00128710872721178,0.000112820622562568,0.00262210226522442,0.00492498543986794,0.00931618265477296,0.0104343503600674,0.00424765140771004,0.00608063838996573,0.00147322624966027
"GNB",0.0681668045013665,0.0011810734527989,0.00551800526666415,0.00636818212928238,0.00224419105448006,0.0016753142979885,0.0233445252638185,0.00428417762769779,0.0123453296090276,0.00310519917928917,3.48818430852997e-05,0.00659988757455731,0.0016665430782016,0.00674192744433132,0.239446173663647,0.0574848131031968,0,0.00223669317054585,0.009600786662349,0.00958419013782012,0.0342999883693266,0.0306993675781326,0.0161310723913396,0.00146858145132271,0.0195580040070864,0.0105615109421059,0.033759976545672,0.00150372184136967,0.328728477191351,0.0306487793011274,0.00214828493316654,0.000807891107816584,0.000112147170181239,0.00172831633332044,0.00431960940122449,0.00707792073049954,0.00677159764084681,0.0033852899649698,0.00349337618231292,0.00116738785667957
"GNQ",0.00870607803706612,0.00130964137490403,0.0333590405059729,0.0817760073689164,0.000282594069800394,0.0207157924610078,0.050172843349093,0.177309520640608,0.033324823359885,0.00845303663558808,0.000341766590678233,0.0740530071435542,0.0270020770995773,0.0213346580835255,0.0233696740874128,0.00157854679416328,0.00168142822819707,0,0.00716359905403005,0.00291710119322981,0.135898525185362,0.00471661988194097,0.00448323224833584,0.000945534602478223,0.000381928584061462,0.0168700276100703,0.130730023580725,0.00159169905955664,0.0187980224087427,0.00253414491250622,0.00115625160611917,0.000882297680284936,0.000136231391802419,0.0488828433044658,0.019281921921847,0.00655965041716119,0.0235050481898652,0.00329222533355643,0.00267159979577108,0.00183093620813741
"KEN",0.0042622360917042,0.0524059087530941,0.00350907024659791,0.0094769959588512,0.000554740976090212,0.00458895647351812,0.0133604112207784,0.0113386952065948,0.040747820023573,0.00134777285668349,0.00194607206750972,0.30571513000821,0.000372075577678176,0.0151807054561276,0.0025148628127581,0.000568986114863657,0.000335938365873073,0.000333435728573953,0,0.00295815044418455,0.00844954932604985,0.00725090294223516,0.000680772950382631,0.00729108521658881,0.000415402716485314,0.00779409035966263,0.0715976719619881,0.0201081886104903,0.0037992302691319,0.00230000187066009,0.0937653502720409,0.0472491628705206,0.00019614078020924,0.00459706166232838,0.00502886883280072,0.102356176328954,0.12475009417319,0.00999583158942225,0.00790667137960415,0.0029497815039905
"LBR",0.00576997713229966,0.00659699025912965,0.0199910800696886,0.0131378478093422,0.00188724167784148,0.00183147551826748,0.0388284867380141,0.0150948257087439,0.0611373205694438,0.00165111283717116,7.346462525272e-05,0.0146403196743571,0.000790172154498675,0.045958662505045,0.101520879977029,0.00769715829496463,0.00201545432769148,0.000816013065537122,0.0177780863596107,0,0.016533012869191,0.00789249095463742,0.000968921460587544,0.0194620901044842,0.000703668831685356,0.00790283902096938,0.140267211089616,0.0249800735296029,0.0135488767180098,0.12857860450616,0.000862953846403787,0.0107886608612002,0.00043236808753662,0.0019697866568861,0.0062333341885157,0.0210036039028923,0.0189601978460508,0.00925745793549014,0.207326783413211,0.00511049487294161
"MLI",0.00835672091933545,0.00345681081223057,0.030057229019396,0.206701455711203,0.000265852874533131,0.0057703869897499,0.16115515009341,0.017435603590795,0.0521692381561677,0.02228064138301,6.77310655253191e-05,0.00582107972268872,0.0122111702226763,0.0157252497231184,0.0921274603955108,0.00437956901739442,0.00236078664842115,0.0124424409609561,0.0166204786661518,0.00541124542037508,0,0.00543235941959062,0.0129799620656645,0.00208030108783488,0.00053046488353909,0.076784025753146,0.0580662026633971,0.00339393888641502,0.0717943779635361,0.0123422691138883,0.000921743210782075,0.00119391534404624,0.000111246396049926,0.0103922417357309,0.0299111785048361,0.0196222256974672,0.0100930269036981,0.00425161516523113,0.0040226145995406,0.00125998921295714
"MOZ",0.430475466396198,0.0191294160991962,0.00443496991816173,0.00361738129602256,0.00128173348939197,0.000802803390655559,0.00637941426991925,0.00519440882179932,0.0301762374506441,0.00147249260302451,8.54348086363965e-05,0.0146730124541119,0.000401896724807095,0.00705425954494037,0.00650320470668401,0.000482751123295728,0.00238809584161694,0.000488069061007337,0.016119873502553,0.00291956989134181,0.0061397127410606,0,0.00041316755858821,0.0635458620573673,0.00414249317606071,0.00360681554855983,0.0417988294266601,0.0250642408051721,0.00255674856928729,0.00206095211688454,0.00752157943475612,0.00233339593178929,0.00320927992800758,0.00129839640549732,0.0020621936039366,0.030230238855749,0.011273577586576,0.196569310907203,0.00858273695095255,0.0335099770018836
"MRT",0.0476239323551826,0.00224158065059583,0.0082729727194276,0.0113142058051515,0.000215594667368683,0.00783149044066241,0.063416834053287,0.00937957096315169,0.0216197980518965,0.0225102067368598,0.000148846855823923,0.0434191140569567,0.00846467266180052,0.00633858772579989,0.0419095022196859,0.024133945182762,0.0102652970530388,0.00379513820733327,0.0123810588109804,0.00293210363437319,0.120010414800737,0.00337996475446986,0,0.00108420196831925,0.000688123170210108,0.0484143577570698,0.0385379947278664,0.00237167347714739,0.351494544010693,0.0135487416030564,0.0157198150338996,0.00153795359966421,9.09374447880325e-05,0.0144962741076176,0.00665163281198314,0.0174856010800396,0.00897859604494934,0.00316693847144189,0.00321953002303766,0.000908252260871602
"MWI",0.0128041357262915,0.036862771229067,0.00378729698565704,0.00292294738388078,0.00269499116016643,0.000524900240697241,0.00397992805579901,0.0035522383703418,0.0504625406469933,0.000648144938314548,0.00013439921727213,0.122066544801332,0.000147895043341418,0.0121542217769172,0.00130735228015612,0.000273899126524847,0.000131765280323289,0.000112851791020585,0.0186957262348137,0.00830376195123377,0.00271185447399981,0.0732939122462183,0.00015286387410232,0,0.000760291146470272,0.00407950424045269,0.0887695943144215,0.0415112724086721,0.000839540710360988,0.00722144593724486,0.00250260298439043,0.00501780730005151,0.000669293082610408,0.00100112164320226,0.00137558700966744,0.0787691114849536,0.0253357736732312,0.2942038048293,0.074644975164298,0.0155713312362083
"NAM",0.278261832903037,0.0082672822388362,0.00273522884069204,0.00396726354074694,0.0135911946335133,0.00130753743674354,0.00785216517932704,0.00626072199057878,0.0790304890189093,0.0139043213399177,0.000425597925896998,0.0184340293525683,0.000768052790684644,0.0283758706143576,0.00283020927138992,0.00172015645765545,0.0207042601610219,0.000537830498245055,0.0125675821208497,0.00354230506535656,0.00815885203460872,0.0563734564349428,0.00114470369781255,0.00897040739000841,0,0.00620139937272874,0.08408452197228,0.00464829882992974,0.0179556554441335,0.00371403403244684,0.00146686915729206,0.00195289435356973,0.00084116591426564,0.00147809386319082,0.00566057123090635,0.017819679267744,0.0197082124856468,0.125922852874554,0.05356448823118,0.0752499120324315
"NER",0.00208568421198788,0.00804897278363842,0.0908581137352757,0.0422363045778224,0.000211931524317312,0.00767964332154772,0.0505705956338572,0.0384731841694083,0.0272688312590563,0.00306923307606799,9.18754336799917e-05,0.0108755066347999,0.00293791064075054,0.024279693483977,0.00851162114237675,0.000843708600008985,0.00053941080103792,0.00114613943633761,0.0113764362000262,0.00191937211314459,0.0569772777567486,0.00236807359252446,0.00388561242337604,0.00232219145321273,0.000299190707456698,0,0.359905657475241,0.003173778788747,0.0146751945783796,0.00245206989572599,0.00168799909372846,0.00236814369894381,7.75534117676143e-05,0.100351657368564,0.0547983721174144,0.0480965175731185,0.00742140170129094,0.00297657342562448,0.0022419797119917,0.000896586447024901
"NGA",0.00912037454674145,0.0087843878412199,0.0412393358830816,0.0155938561526997,0.00306114909446694,0.0088883872392228,0.0292088306322397,0.068922495292083,0.0569392527911981,0.00377358159700705,0.000363992259564082,0.0334019605241674,0.00228583563826985,0.0857138257362973,0.0071320644310407,0.00597269855567291,0.000926486383874609,0.00477243829462882,0.0561543002976095,0.0183052441965598,0.0231524824066988,0.0147461518208818,0.00166194916904217,0.0271517726362233,0.00217980567526682,0.193389100446884,0,0.00957535831206544,0.011917772206328,0.0127938340597794,0.0028741677796377,0.00609867582122898,0.00118081474158292,0.0304479011912785,0.0296781338846334,0.0589443803152814,0.035690803555217,0.0438450147723621,0.0227063423705664,0.0114050414473965
"RWA",0.00232426866143965,0.331699792227853,0.00240408623759689,0.00268486420791542,0.000228001043193023,0.0107082371509828,0.00440365193717521,0.00427885123366347,0.127724060679291,0.00136882313079444,0.00130173969084463,0.0231969577902756,0.0018895188962516,0.00486773755822516,0.00116412315073776,0.000273944680131692,0.000100545483323944,0.000141574193233707,0.0384251191212603,0.00794275617002417,0.00329713180412251,0.0215440470655202,0.000249196348313093,0.0309355721189581,0.000293598554515065,0.00415506791223943,0.023329916679801,0,0.00147013761148549,0.00181443966074604,0.00314453111480393,0.0331592074440775,0.000166040228969403,0.00712189880630737,0.0015150019168053,0.0852518695558972,0.187139585245571,0.00593088266720472,0.0198434860734612,0.00250973594698842
"SEN",0.0092499532762986,0.00251422941941765,0.0195508750661528,0.0577068106211147,0.000434498789283386,0.0198886212141395,0.0577179662374907,0.0155472848163454,0.0395721591892876,0.0197587860525898,8.22257038374671e-05,0.00735452273813517,0.0172835384535649,0.00836285856631037,0.230500354367295,0.0485482758828851,0.0389011664175383,0.00295914015994806,0.0128489644145925,0.00762449434437645,0.123439162098091,0.00388947508333401,0.0653635456635124,0.00110729695168711,0.00200720335008888,0.0340028702870426,0.0513905742789863,0.00260188576962406,0,0.03805054850825,0.00119407590377289,0.000854181114796507,0.000124633648127092,0.0149299574610046,0.0122081947516068,0.01145025491026,0.00993429747759358,0.00476267626718885,0.00513506139581395,0.00114737934861623
"SLE",0.00690923437424952,0.00344855976203752,0.00486870919386432,0.00759708283750775,0.001614114669751,0.00195524027318227,0.0237727756249584,0.009507491171249,0.019620092922006,0.0019906998530966,0.000293606895983587,0.013694298359748,0.00076222781457374,0.0381815660156413,0.246497115444595,0.067044018900836,0.00692466264694759,0.000761631613152666,0.0148511758988554,0.138145456700782,0.040515171603911,0.00598592149573232,0.00481034380744247,0.0181847213754062,0.00079267677201747,0.010847376118584,0.105329311954375,0.00613102251005101,0.0726475654138869,0,0.00236160995202128,0.00329973501437603,0.000399679829221426,0.00322563643257144,0.00531557087498524,0.0169812151466757,0.0222438829320782,0.00995300715148748,0.0562493362587782,0.00628645438338128
"SOM",0.00401006326118964,0.00443717230303927,0.000389277329392603,0.00045415179018714,8.28178063912295e-05,0.000448885016591743,0.000548181348903283,0.000909765457168053,0.00717913884982627,0.000142832237538777,0.00434268973851548,0.629108034260498,4.51142664978362e-05,0.00199147207369601,0.000297584604831285,0.000183670919886284,0.000124095820587846,8.8847599640174e-05,0.154794265225902,0.000237047457405465,0.000773592859662263,0.00558537061113782,0.00142693576424763,0.00161121790367029,8.0042651061828e-05,0.00190916690183373,0.00604979257080006,0.00271660259197266,0.000582870279847916,0.000603792903406336,0,0.0193751287661002,0.000195455641173778,0.00268284570689509,0.000408075639491996,0.0084605923469055,0.114134364634407,0.0186395613589577,0.00447368196500603,0.00047580153573329
"SSD",0.000935159076472355,0.00801245308670149,0.00138913207704288,0.000740154339046932,0.000106632968643277,0.00119048676785934,0.00100539030554902,0.00101488392266424,0.0106991226680773,0.000145465602736381,0.0120445216970461,0.183588115693989,3.89262869373561e-05,0.00228449645422037,0.00032945654884998,0.000103999817444267,3.72848202563629e-05,5.4165460612261e-05,0.0623190118212879,0.00236771391806511,0.000800552820453871,0.00138434819446267,0.000111535771976796,0.00258101336291486,8.51378718391113e-05,0.00213990105319397,0.0102559966350429,0.02288697046522,0.000333122445081864,0.00067402010696104,0.0154795578163855,0,3.07971772129825e-05,0.0138874144041828,0.000370949934276971,0.00715797304200722,0.629348706005435,0.001486862223736,0.00197324708369752,0.000605320252417722
"SWZ",0.00841189387921889,0.00314604754141851,0.00115285487591811,0.00178800484494703,0.0190266415620356,0.000461946933089551,0.0034426834416332,0.0035154880730681,0.0174126761325966,0.000802643873017885,0.00015068793078323,0.0166236369978796,0.000218074056356219,0.00894613918888481,0.00102289506904992,0.000334977570704292,0.000190185516387579,0.000307322524275067,0.00950614059559692,0.00348678534816938,0.00274102062548765,0.0699639622881958,0.000242339153450066,0.01265034895059,0.00134752118324197,0.0025751139040303,0.0729682586426475,0.00421121472289387,0.00178607270023394,0.00299996310180967,0.0057381521210699,0.00113167261569265,0,0.000649791904549322,0.00168344751852979,0.01310022458261,0.0119100211441452,0.653388461483234,0.0126939941488538,0.0282706932537044
"TCD",0.00244005387591903,0.00293001066473195,0.0120560035912366,0.0136511897790346,9.20970518592944e-05,0.126392806452938,0.00888668559170416,0.202860317817029,0.0321417289147856,0.00689175459556404,0.000495661658403136,0.150427898573299,0.00437503785359947,0.00540161891429702,0.00422000994477645,0.00039756857915205,0.000149674406956174,0.00563130238480383,0.0113776312744049,0.000811196303559924,0.0130758757348504,0.0014454706999609,0.00197275168537149,0.000966291614202805,0.000120918051509631,0.170159137767564,0.0960826048593975,0.00922412229168734,0.0109259091899231,0.00123638659818386,0.00402211733509104,0.0260595241528676,3.31825293784019e-05,0,0.0203329358926792,0.0264549041565657,0.0232730192151849,0.0012921582809211,0.00126900065065369,0.000423441065952334
"TGO",0.00426476123855563,0.00320047238470484,0.172120351756695,0.0657777410226212,0.00040462103106233,0.0158679947455808,0.0689314028200331,0.0223117482424882,0.0701648840176255,0.00719602719597006,3.51432420815208e-05,0.0076826552578235,0.0118069365199654,0.106195901635596,0.0108082199096676,0.00106450371819252,0.000533271769345947,0.00316652202472482,0.0177427787862038,0.00365937559178727,0.0536506357631387,0.00327273791380297,0.00129039924860491,0.00189273245839822,0.000660129574494007,0.132457998307464,0.13350692726609,0.00279719175661966,0.0127359184297433,0.00290448133692257,0.000872126560182786,0.000992293595615308,0.000122550355903178,0.0289854398563667,0,0.0121448160570055,0.00843726398105147,0.00496795679274345,0.00404896711527264,0.00132412071985545
"TZA",0.00601801184727072,0.162665184262763,0.00569476015127754,0.00916494726148824,0.00074672390897212,0.00185818741725041,0.0137123726675566,0.00944134191481047,0.101232442828364,0.00162592112288202,0.000318070352559944,0.063899000221884,0.000506609102874668,0.0150496917426983,0.00329602287555644,0.000747350002126114,0.000324304984354907,0.000399812807246542,0.13403221569313,0.00457640244111156,0.0130627142993319,0.0178060334247208,0.00125898400932377,0.0402254511919629,0.000771280988945733,0.0431487259104308,0.098413217455287,0.0584193583527967,0.00443340890005115,0.00344374713503213,0.00671094109193589,0.00710654911363777,0.000353946440788306,0.0139968339288203,0.00450748982374616,0,0.0986087221724366,0.021765117040289,0.0248026469454485,0.00585545816883656
"UGA",0.00286448430938755,0.0462383137520252,0.00157787026002025,0.00272950014370604,0.000400203000327627,0.00134979778280086,0.00406723585769938,0.00345804840510104,0.115706964308244,0.000815060178964681,0.0418682986487632,0.110776997502677,0.00021418118986792,0.00825387674010873,0.00122725821609082,0.000435984462303809,0.000161606425994709,0.000746202507600807,0.0850855042409579,0.0021517549239969,0.00349966234001712,0.00345865238703468,0.000336719007227315,0.00673905032935912,0.000444303292228983,0.00346784625545012,0.0310375120944061,0.0667940973295129,0.00200345386355449,0.00234959301735911,0.0471540102576708,0.325446494948946,0.000167606513689514,0.00641351178333871,0.0016310414664846,0.0513611669570904,0,0.00855098576300903,0.00702552593817696,0.00198962359880532
"ZAF",0.0163774394550936,0.0175006961335664,0.00179248244538599,0.00208080919946304,0.0107984483312493,0.000669719470944795,0.00405943320877757,0.00545987729335871,0.0479014602186305,0.00174759020392283,0.000704641485084421,0.125389520242127,0.000473191577806312,0.0119830500415601,0.00121664427300093,0.000400804996267991,0.000182449222106624,0.000236028133586459,0.0153961554285545,0.00237257718297052,0.00332918034638601,0.13618821695455,0.000268211556733303,0.17672234898065,0.00641084846058283,0.00314100882950957,0.086105215514166,0.00478046800905575,0.00216906171499753,0.00237418753053898,0.0173906797474998,0.00173635148994665,0.0207648348975554,0.000804150887376128,0.00216880165802413,0.0256011350131646,0.0193105589535014,0,0.0194247488747226,0.204566972037581
"ZMB",0.00999427921594536,0.108633993453468,0.00497737377534832,0.00526202774647029,0.00382543477334281,0.0026392631449968,0.0106718803101286,0.0110404081587138,0.103468944958126,0.00188602300074543,0.00118253128085089,0.0221355563656277,0.000489503420588475,0.0168683093574991,0.00695897970215277,0.0013402468053422,0.000439787460545893,0.000447401016568577,0.0284471256070661,0.12411816814536,0.0073577181156154,0.0138899590755051,0.000636915305895841,0.104735790191445,0.00636999750073066,0.00552631429445346,0.104161629302158,0.0373611641311794,0.00546283184433986,0.0313421980790998,0.00974983624742826,0.00538269449513876,0.000942337904800682,0.00184473938666743,0.00412893096246896,0.0681471330296527,0.0370602929751791,0.0453739677628356,0,0.0456983116965195
"ZWE",0.00963861023539386,0.00400971300028564,0.00161178929127678,0.00227313820616017,0.0370670200415706,0.000682199405941498,0.00428578107805406,0.00420675718305513,0.0276869401200661,0.000839931843414731,0.000207863633089059,0.0133893404828153,0.000201353645180589,0.0103613637277382,0.00132756372135718,0.000396320789660646,0.0001793719218654,0.000374231707139726,0.0129531785559445,0.00373408936035225,0.00281282911994322,0.066189804181644,0.000219299426748368,0.0266662582960602,0.0109221994051068,0.00269735355086623,0.0638556386760269,0.00576729628097258,0.0014897761704151,0.0042752313376065,0.00126560988094837,0.00201532581855466,0.00256145439370252,0.000751290595402946,0.00164802105448302,0.0196359647407685,0.0128098113127498,0.58321497226452,0.0557753055431188,0
