"iso","r_D_C3","mad_D_C3","r_D_DB","mad_D_DB","mean_C3","mean_D","c3_2026","d_2026","db_2026","beyond_noise"
"AGO",0.849284675239632,0.0786270398722172,0.988538604674697,0.0283722832893055,0.201844716407212,0.212599273776505,0.258148897140911,0.184331309885028,0.208072433639028,TRUE
"BDI",0.939438120671926,0.0877501331141621,0.960182401467702,0.0444391970160229,0.281470424838872,0.22802499968423,0.571570869538842,0.393622073468122,0.419226687409523,FALSE
"BEN",0.380745714309005,0.11074308570135,0.935672655136901,0.0200747383754167,0.154088754459432,0.0456690419440397,0.308390051604143,0.0615745811958356,0.0600146883838322,TRUE
"BFA",-0.0336753407915084,0.0642233235519301,-0.000556371146245676,0.000181290045737983,0.0579896664290001,0.0100034005971554,0.00134193008669235,0.01,0.01,TRUE
"BWA",0.75045706082391,0.107588859709216,0.975873012224744,0.0156745909672887,0.144277736604935,0.0366888768957193,0.125398727978674,0.0483539863606621,0.0601217454716341,TRUE
"CAF",0.261302757986467,0.052296130124023,0.693032728076966,0.00436190251029534,0.045403834172785,0.0150188817259317,0.187850015507868,0.0231941442234584,0.0217782671376132,TRUE
"CIV",0.606817389232202,0.0511987169462312,0.865345313766084,0.0203797650750067,0.0291070725259127,0.0773902681780044,0.0538103653559375,0.0942274345834177,0.0941888917902761,TRUE
"CMR",0.95720337292728,0.0340990911308752,0.940522462574427,0.0337398828314095,0.0854172374162695,0.0858622685560283,0.0921638392332034,0.08102505126658,0.129959448165922,FALSE
"COD",0.948059988845644,0.0479392148463642,0.958771045903192,0.0407934254532374,0.586629582606105,0.594445617657289,0.679943901148756,0.712746407215516,0.711963348183788,FALSE
"COG",0.939499400983826,0.0650484922621342,0.971292198174658,0.0447662265293699,0.221221922612395,0.227382989934045,0.458301348121964,0.507864136119261,0.522814570888299,FALSE
"ERI",0.412750259158047,0.16352159379284,0.940584755146043,0.00740033673536045,0.179018272386295,0.0154966785934555,0.266244884759271,0.014785892207143,0.0235487813180764,TRUE
"ETH",0.906551011357582,0.0786455716647429,0.937561148883724,0.0447913768669914,0.253306600802447,0.181534672987043,0.28646692813724,0.139502234229674,0.149900447265659,FALSE
"GAB",0.647026527604298,0.00508694412496449,0.744932162722826,0.00453801921047007,0.0146034058396653,0.0164017569835336,0.0207740797904029,0.0242896369455971,0.0229295368084358,FALSE
"GHA",0.478853251536855,0.0140248333121782,0.839808636256075,0.00727270879723716,0.0133681107994847,0.0167759328581327,0.0285855736060879,0.012223404994717,0.0173916953324071,FALSE
"GIN",-0.0324815362799285,0.00318021508121214,0.655111013344052,7.36805757610357e-05,0.0131657819482179,0.0100144331329943,0.0237029365534915,0.010006851647865,0.010066997712962,TRUE
"GMB",-0.00802644623034439,0.000246786912323528,0.430396987330129,5.91264334956263e-06,0.0102467869123235,0.01,0.0101737494661544,0.01,0.01,TRUE
"GNB",-0.0263734193189252,0.00105859733039134,-0.0286932044774308,8.44694540718913e-05,0.0110289915974232,0.0100296057329682,0.01,0.01,0.0100017961435831,TRUE
"GNQ",0.318737429431878,0.0266307917178372,0.908386466082124,0.0214576053453903,0.01825164659296,0.0399494527960938,0.0388586288036962,0.0505286603009352,0.0919337529418948,FALSE
"KEN",0.808398352189255,0.0951976412163102,0.933747670890475,0.0494788102697043,0.199302458620106,0.181923787821506,0.280857143808403,0.0853299255297079,0.131765954612108,FALSE
"LBR",0.49688144121051,0.324409836146442,0.928114527807472,0.0731659426177693,0.421645456675108,0.648945717956327,0.50422153124531,0.622186087529698,0.676392995482107,TRUE
"MLI",0.201085186847387,0.0608422908267785,0.750050609320519,0.000880119888828526,0.0718824822489975,0.01104088239395,0.0673264442892797,0.01,0.0101369346013467,TRUE
"MOZ",0.973452382360507,0.043378764427919,0.986414524304038,0.0254175556269958,0.255978730609841,0.234041520372992,0.26598110143519,0.224314907172665,0.206885178987504,FALSE
"MRT",-0.00658428178577331,0.00200862228946639,0.0045419352687162,8.70119251251498e-05,0.0120086222894664,0.01,0.0154134011194256,0.01,0.0100186674181641,TRUE
"MWI",0.940456568852294,0.0502037934710382,0.98499997663538,0.0233834964500685,0.145432850523557,0.175257279436289,0.159192483687806,0.142382505528431,0.149600258733994,TRUE
"NAM",0.631221261327819,0.215076179677086,0.982951173779317,0.0300842005043314,0.406223171580661,0.198978858099942,0.479443347234246,0.390247732394693,0.38124619316608,TRUE
"NER",0.70178423137555,0.177296421978315,0.875702788484675,0.0341979844321358,0.24996963752861,0.0726732155502952,0.261067405360304,0.0331208487495554,0.0765959536709044,TRUE
"NGA",0.985406751174595,0.0293779896129883,0.970993266001853,0.0298763452257819,0.131921356512829,0.126091556021941,0.263461445641729,0.252460194108853,0.264887689283457,FALSE
"RWA",0.863525353991873,0.0561309132002657,0.93839436138657,0.0198420176296565,0.0903222377238633,0.115486585838741,0.273801360500987,0.215767686217671,0.218067639534462,TRUE
"SEN",-0.00984371781090272,0.00162388233685013,1,0,0.0116238823368502,0.01,0.0117396622958045,0.01,0.01,TRUE
"SLE",0.683717971966142,0.034893959873808,0.78756337394699,0.00783818509565913,0.0506388817462788,0.0188617451927225,0.0838426694207773,0.0187444981241991,0.0239069356749015,TRUE
"SOM",0.635682065038743,0.123948853237273,0.97557274275094,0.0384424270933234,0.410450333729985,0.338873126875707,0.619064108380535,0.283864335071914,0.299577595081782,TRUE
"SSD",0.962849889420613,0.0709419315602549,0.979328872042309,0.0430293166671235,0.346276851622562,0.29117060829601,0.38245911054433,0.312214498365117,0.331516202969199,FALSE
"SWZ",0.931582515762599,0.0866372370295624,0.953670128613189,0.0536914084168522,0.039468616009969,0.113579863069387,0.0106842553617176,0.11181986626057,0.0729281766349908,FALSE
"TCD",0.886923460626268,0.0746722012804108,0.994312819099305,0.00917707474455217,0.137616217709022,0.099296365951409,0.202721166732188,0.126938850053292,0.151626109690202,TRUE
"TGO",0.725372401959632,0.0731314580471826,0.915491761986493,0.0662373886871338,0.0684070231041654,0.110461676896237,0.112920368885259,0.0890514645983382,0.14325231749667,FALSE
"TZA",0.809823658831933,0.101896199717092,0.962050985330796,0.0462140027884581,0.251435599120166,0.245434225230032,0.430693463023007,0.310382889282514,0.344965899614324,TRUE
"UGA",0.775950429204408,0.0595436360647452,0.943460796320571,0.0224415198627333,0.123039136395028,0.102408476378123,0.16398018659549,0.102784383832823,0.128652250361574,TRUE
"ZAF",0.866100980534183,0.0399597639523827,0.783666503938218,0.0286415538767272,0.0810330044562864,0.0437104948075941,0.0074409799876966,0.00234801333421736,0.00478429371121589,FALSE
"ZMB",0.953583058754628,0.0435051865849788,0.970864559462139,0.0349485865382835,0.183670033371929,0.186712747656621,0.164740197109776,0.123620495636138,0.147545233669543,FALSE
"ZWE",0.981258020559021,0.0375231801394142,0.979247354375051,0.0332138126509071,0.222073731462427,0.232245023499188,0.163118276962281,0.174139872260021,0.187341902159368,FALSE
