iso_code,beta_is,r,a,t,beta_oos,A_prod,B_prod
TGO,0.903208116606022,0.143778297404688,0.41573769141166,0.795774323577712,0.724407424652328,0.501084548997544,0.624475346957815
CIV,-2.05321319780664,-0.0379167369386886,-2.18869373407704,-0.214643804413485,0.515847573447571,0.504999999999996,-2.63999999999999
UGA,1.56658483389887,0.152961817786169,0.810399907764694,1.64536896526903,-0.551333326516303,0.505,-1.2130923298636
GMB,-7.29969665155884,-0.2902429334098,-3.23332026284367,-2.14464813759269,-1487.54554330229,0.505000000000011,-2.63999999999976
NAM,1.03500735914766,0.578754779662824,0.926802134703538,3.61873209607822,2.18354784771892,0.926802134703535,1.53201630150515
GNB,,,,,,0.999999999999952,-2.1795941009993e-13
SLE,1.46551077309033,,,,,0.999999999999975,-9.47287124785791e-14
GIN,-153.275826078333,,,,,0.999999999999996,-1.66123835511579e-14
GAB,,,,,,1,-2.46485099125537e-15
BWA,,,,,,1.00000000000002,6.02522357872761e-14
SEN,,,,,,1.00000000000002,8.59047435162381e-14
MRT,,,,,,1.00000000000003,1.47592498794508e-13
GNQ,,,,,,1.00000000000004,1.5766569585853e-13
MOZ,0.946403340017891,0.685899361690875,1.12769399631553,17.8091943830753,0.630233459636411,1.04623522239761,0.136525070145541
MLI,1.73166500916713,0.896503255083703,1.05743325243456,14.3085864315026,0.917759962244438,1.05743325243457,0.432997411796887
CMR,0.875335044668643,0.75160967050729,0.86418371864397,19.2028425222127,-0.216876116637757,1.09285561353791,0.312670030645448
RWA,1.1182357748297,0.673228596641789,1.12746755517992,14.7652487732597,0.0723371896785865,1.12746755517992,0.743064055107992
SSD,1.26562921361832,0.711668896553916,1.43426973829304,12.114078334292,-0.313752813887357,1.16582827276957,0.218535648368391
GHA,1.53878329303913,0.540143709236298,1.77502406340877,5.84731754783834,-0.347143622722364,1.1745799410071,-1.47656595617708
ZMB,0.998937515161039,0.699270678918244,1.31249609530533,15.0591452595174,0.905216829213823,1.18164191757898,0.482235875943626
BEN,1.06001265812688,0.737181563680298,0.903406442447183,14.3498379778877,0.233315726913564,1.20122886308722,1.03570734914755
TCD,1.47531359119405,0.454607949942406,1.28341866130705,3.42385924953372,1.59308859450252,1.21640784337269,2.10191615678964
ZWE,0.794511592293729,0.509649183575478,0.812660403485071,6.90795209888959,0.764052659412195,1.24163355994371,0.223754848754983
COD,,0.715358930118932,0.989586498787147,21.6446954309997,,1.28457775129533,0.37256126597705
SOM,,0.873753098864976,0.989990432734678,36.6411291770293,,1.33482899139087,0.427115370789439
AGO,1.12664200061096,0.789187152416488,1.62521300571114,22.5516821586337,0.140584781287852,1.33913151900785,0.206248576224191
NER,0.947632468996674,0.754461752185433,1.43080995169755,12.5394699771538,0.481168863687117,1.41593793762665,1.62494914886373
NGA,,0.804592522527698,1.50439968085442,28.5822117048704,,1.4655654611551,0.8473200860675
MWI,1.248551049914,0.60146576845216,1.66499480153855,11.5902670583092,0.778451068161823,1.52347960688708,0.996112787228228
COG,1.19767909685979,0.634607997676137,1.59130427933748,7.3445333315535,0.931958506843809,1.55861765625222,1.97826719294032
ETH,1.14473188599992,0.802161444425353,1.43950134714144,27.3673986835141,0.900371106370587,1.60269180966963,0.945180394594731
BDI,1.14822683323467,0.749066223171185,1.7359778525722,20.756421275537,,1.67176353706506,1.5034705381512
KEN,1.18903714251536,0.740027534698922,1.84547095455696,19.7439516260089,-0.212871487323633,1.69685801594838,0.84948130372382
TZA,1.57223720695156,0.681019907565315,1.76196936389976,15.5621861164146,0.440079603548868,1.72227110344174,1.08951313125432
BFA,1.83217471635633,0.930583971977519,2.76010184132257,10.7849365068973,0.142868517749972,1.98565703114062,2.23999999999943
LBR,1.33897717111864,0.744928833981803,3.18324861517734,18.2110949964878,-0.257825998506335,1.9932838605375,2
CAF,1.75120722834713,0.702034329468334,2.48427793441392,3.68854507010775,-1191.92716754488,1.99708965075694,2.7199999999999
ZAF,2.18066797656736,0.842320726731672,2.52283939456722,13.1685130318426,-2.46726166512969,2.00507400041435,2.12163254385667
SWZ,,,,,,2.02,1.35999999999982
